-- phpMyAdmin SQL Dump
-- version 4.8.5
-- https://www.phpmyadmin.net/
--
-- Servidor: 127.0.0.1
-- Tiempo de generación: 28-01-2025 a las 03:51:33
-- Versión del servidor: 10.1.40-MariaDB
-- Versión de PHP: 7.3.5

SET SQL_MODE = "NO_AUTO_VALUE_ON_ZERO";
SET AUTOCOMMIT = 0;
START TRANSACTION;
SET time_zone = "+00:00";


/*!40101 SET @OLD_CHARACTER_SET_CLIENT=@@CHARACTER_SET_CLIENT */;
/*!40101 SET @OLD_CHARACTER_SET_RESULTS=@@CHARACTER_SET_RESULTS */;
/*!40101 SET @OLD_COLLATION_CONNECTION=@@COLLATION_CONNECTION */;
/*!40101 SET NAMES utf8mb4 */;

--
-- Base de datos: `gestion_colegio`
--

-- --------------------------------------------------------

--
-- Estructura de tabla para la tabla `egresos`
--

CREATE TABLE `egresos` (
  `idegreso` int(11) NOT NULL,
  `tipo` varchar(45) DEFAULT NULL,
  `monto` decimal(10,0) DEFAULT NULL,
  `fecha` date DEFAULT NULL,
  `idusuario` int(11) DEFAULT NULL
) ENGINE=InnoDB DEFAULT CHARSET=latin1;

--
-- Volcado de datos para la tabla `egresos`
--

INSERT INTO `egresos` (`idegreso`, `tipo`, `monto`, `fecha`, `idusuario`) VALUES
(2, '15 mesas', '100', '2025-01-09', 1),
(21, '2 papeles', '20', '2025-01-18', 1),
(22, '20 papeles', '20', '2025-01-21', 1),
(23, '20 papeles', '10', '2025-01-22', 1),
(24, '20 papeles', '10', '2025-01-23', 1);

-- --------------------------------------------------------

--
-- Estructura de tabla para la tabla `estudiantes`
--

CREATE TABLE `estudiantes` (
  `idestudiantes` int(11) NOT NULL,
  `nombres` varchar(30) DEFAULT NULL,
  `apellidos` varchar(30) DEFAULT NULL,
  `cedula` varchar(20) DEFAULT NULL,
  `direccion` varchar(50) DEFAULT NULL,
  `correo` varchar(60) DEFAULT NULL,
  `telefono` int(15) DEFAULT NULL,
  `estado` enum('pagado','debe') NOT NULL,
  `idpadres` int(11) DEFAULT NULL
) ENGINE=InnoDB DEFAULT CHARSET=latin1;

--
-- Volcado de datos para la tabla `estudiantes`
--

INSERT INTO `estudiantes` (`idestudiantes`, `nombres`, `apellidos`, `cedula`, `direccion`, `correo`, `telefono`, `estado`, `idpadres`) VALUES
(1, 'adsf', 'adf', '0192837465', 'mi casa', 'jpo_2@gmail.com', 939436862, 'pagado', 2),
(2, 'ads', 'asd', '0987654321', 'su casa', 'ji_2@gmail..com', 192837465, 'pagado', 2),
(3, 'papa', 'pepe', '6547382901', 'nose', 'nose@gmail.com', 1234566543, 'pagado', 3),
(13, 'ghfg', 'sdf', 'sdf', 'sdfcv', 'afdsfs', 1236549870, 'pagado', 5);

-- --------------------------------------------------------

--
-- Estructura de tabla para la tabla `lectivo`
--

CREATE TABLE `lectivo` (
  `idlectivo` int(11) NOT NULL,
  `nombre` varchar(30) DEFAULT NULL,
  `estado` varchar(30) DEFAULT NULL,
  `inicia` varchar(30) DEFAULT NULL,
  `acaba` varchar(30) DEFAULT NULL
) ENGINE=InnoDB DEFAULT CHARSET=latin1;

--
-- Volcado de datos para la tabla `lectivo`
--

INSERT INTO `lectivo` (`idlectivo`, `nombre`, `estado`, `inicia`, `acaba`) VALUES
(1, '2024-2', 'activo', 'Julio', 'Diciembre'),
(2, '2024-1', 'inactivo', 'Marzo', 'Junio'),
(4, '2024-2025', 'activo', 'Junio', 'abril');

-- --------------------------------------------------------

--
-- Estructura de tabla para la tabla `matricula`
--

CREATE TABLE `matricula` (
  `idmatricula` int(11) NOT NULL,
  `codigo` int(50) DEFAULT NULL,
  `fechamatricula` date DEFAULT NULL,
  `costo` decimal(10,0) DEFAULT NULL,
  `pension` decimal(10,0) DEFAULT NULL,
  `pago` decimal(10,0) DEFAULT NULL,
  `idestudiantes` int(11) DEFAULT NULL,
  `idparalelo` int(11) DEFAULT NULL
) ENGINE=InnoDB DEFAULT CHARSET=latin1;

--
-- Volcado de datos para la tabla `matricula`
--

INSERT INTO `matricula` (`idmatricula`, `codigo`, `fechamatricula`, `costo`, `pension`, `pago`, `idestudiantes`, `idparalelo`) VALUES
(1, 1111111111, '2024-11-21', '25', '20', '20', 2, 2),
(2, 1234567892, '2024-11-27', '20', '25', '20', 1, 2),
(3, 1234567893, '2024-11-27', '30', '35', '35', 1, 1),
(5, 1234567, '2025-01-23', '20', '20', '10', 1, 4);

-- --------------------------------------------------------

--
-- Estructura de tabla para la tabla `padres`
--

CREATE TABLE `padres` (
  `idpadres` int(11) NOT NULL,
  `nombres` varchar(40) DEFAULT NULL,
  `apellidos` varchar(40) DEFAULT NULL,
  `cedula` varchar(20) DEFAULT NULL,
  `telefono` varchar(20) DEFAULT NULL,
  `clave` text NOT NULL
) ENGINE=InnoDB DEFAULT CHARSET=latin1;

--
-- Volcado de datos para la tabla `padres`
--

INSERT INTO `padres` (`idpadres`, `nombres`, `apellidos`, `cedula`, `telefono`, `clave`) VALUES
(1, 'asd', 'aasd', '1234567890', '1234567890', '40bd001563085fc35165329ea1ff5c5ecbdbbeef'),
(2, 'asdas', 'asd', '0987654321', '1212121212', '40bd001563085fc35165329ea1ff5c5ecbdbbeef'),
(3, 'ALEX', 'MORA', '1717955684', '0997708397', '7110eda4d09e062aa5e4a390b0a572ac0d2c0220'),
(5, 'Jose', 'chavez', '2300298532', '0939436862', '8927bd748f26a7258a01e318a7e1e7585458a228'),
(6, 'gvghgh', 'hftf', 'jhgghg', '7689', 'e480362a25f2020619b1eff8358dbd9eca7ae516'),
(7, 'Angie', 'Perra', '2300298508', '098765134', '768688326452736e111c5f9a17a7f6adbe39c73a');

-- --------------------------------------------------------

--
-- Estructura de tabla para la tabla `pagos`
--

CREATE TABLE `pagos` (
  `idpagos` int(11) NOT NULL,
  `fecha` date DEFAULT NULL,
  `pagado` decimal(10,0) DEFAULT NULL,
  `numerofactura` varchar(35) DEFAULT NULL,
  `tipopago` varchar(30) DEFAULT NULL,
  `idmatricula` int(11) DEFAULT NULL,
  `idusuario` int(11) DEFAULT NULL,
  `estado` enum('pendiente','pagado') DEFAULT 'pendiente'
) ENGINE=InnoDB DEFAULT CHARSET=latin1;

--
-- Volcado de datos para la tabla `pagos`
--

INSERT INTO `pagos` (`idpagos`, `fecha`, `pagado`, `numerofactura`, `tipopago`, `idmatricula`, `idusuario`, `estado`) VALUES
(1, '2024-11-28', '20', '0000000012', 'efectivo', 2, 3, 'pendiente'),
(2, '2024-11-29', '24', '333333333', 'Personal', 1, 4, 'pendiente'),
(3, '2025-01-11', '20', '0123456789', 'transferencia', 1, 3, 'pagado'),
(4, '2025-01-11', '20', '0123456789', 'efectivo', 1, 3, 'pagado'),
(5, '2025-01-11', '20', '0123456789', 'efectivo', 1, 3, 'pagado'),
(6, '2025-01-11', '20', '0123456789', 'efectivo', 1, 3, 'pagado'),
(7, '2025-01-11', '20', '0123456789', 'efectivo', 1, 3, 'pagado'),
(8, '2025-01-11', '20', '0123456789', 'efectivo', 1, 3, 'pagado'),
(9, '2025-01-11', '20', '0123456789', 'efectivo', 1, 3, 'pagado'),
(10, '2025-01-11', '20', '0123456789', 'efectivo', 1, 3, 'pagado'),
(11, '2025-01-11', '20', '0123456789', 'efectivo', 1, 3, 'pagado'),
(12, NULL, NULL, NULL, NULL, NULL, NULL, 'pendiente'),
(13, '2025-01-12', '25', '0101010101', 'efectivo', 3, 3, 'pagado'),
(14, NULL, NULL, NULL, NULL, NULL, NULL, 'pendiente'),
(16, '2025-01-23', '20', '098766', 'Transferencia/deposito', 1, 3, 'pendiente'),
(17, '2025-01-23', '20', '1231', 'Transferencia/deposito', 1, 3, 'pendiente'),
(18, '2025-01-23', '23', '124', 'Transferencia/deposito', 5, 3, 'pendiente');

-- --------------------------------------------------------

--
-- Estructura de tabla para la tabla `paralelo`
--

CREATE TABLE `paralelo` (
  `idparalelo` int(11) NOT NULL,
  `paralelo` varchar(10) DEFAULT NULL,
  `curso` varchar(20) DEFAULT NULL,
  `especialidad` varchar(50) DEFAULT NULL,
  `codigo` varchar(50) DEFAULT NULL,
  `idlectivo` int(11) DEFAULT NULL
) ENGINE=InnoDB DEFAULT CHARSET=latin1;

--
-- Volcado de datos para la tabla `paralelo`
--

INSERT INTO `paralelo` (`idparalelo`, `paralelo`, `curso`, `especialidad`, `codigo`, `idlectivo`) VALUES
(1, 'A', 'primero', 'informatica', '1234567890', 1),
(2, 'B', 'tercero', 'Ciencias generales', '0987654321', 2),
(4, 'B', 'Tercero', 'filosofia', '005', 4),
(5, 'B', 'tercero', 'informatica', '0006', 2);

-- --------------------------------------------------------

--
-- Estructura de tabla para la tabla `token`
--

CREATE TABLE `token` (
  `idtoken` int(11) NOT NULL,
  `tokeng` varchar(60) NOT NULL,
  `fecha_hora` datetime NOT NULL,
  `activo` tinyint(1) NOT NULL,
  `fk_usuario` int(11) NOT NULL
) ENGINE=InnoDB DEFAULT CHARSET=latin1;

--
-- Volcado de datos para la tabla `token`
--

INSERT INTO `token` (`idtoken`, `tokeng`, `fecha_hora`, `activo`, `fk_usuario`) VALUES
(1, 'c19662895f977d31beee9abaa43f4e6c', '2024-09-12 12:48:17', 1, 1),
(2, '902b066e9b03cd3344f490cef3f3cda9', '2024-09-12 12:53:29', 1, 1),
(3, '0e108becef040d4e3c64da3f6e2ccae9', '2024-09-16 20:48:28', 1, 1),
(4, '0afeb164046856910c56d05b47f53bb0', '2024-09-17 04:50:57', 1, 1),
(5, '4b425825ebedabc4cbc94ea1e77578dd', '2024-09-17 05:37:51', 1, 1),
(6, 'd14cb4a76d09f26f549c83030b22d3b6', '2024-09-26 07:11:36', 1, 2),
(7, '20d5d50a4b03aa07a7815639b0918aa9', '2024-09-26 07:15:35', 1, 2),
(8, 'e7f77b210204fda52ba514d273685bf6', '2024-09-29 04:03:02', 1, 2),
(9, '0631a3c0a11048cf477cfe0f3d8396a8', '2024-09-29 10:38:56', 1, 2),
(10, 'edf41cd458bded3d4f3957e1538a6b24', '2024-10-02 11:41:10', 1, 2),
(11, '1faf964711a8b3635509c4cd7e473fd7', '2024-10-02 16:49:13', 1, 3),
(12, '2935627a73931dcec92f3e934837876b', '2024-10-02 16:55:42', 1, 3),
(13, '01194180caf7a9c38489ca8da84473b4', '2024-10-02 17:03:06', 1, 3),
(14, '48ef7c3dd6f7fd3fd49274f07906b905', '2024-10-02 17:43:40', 1, 3),
(15, '20e85f141d1cf77a3c2d66e9e29d910a', '2024-10-03 19:19:49', 1, 3),
(16, '5bd974742497eaf87877cd5ae7285608', '2024-10-07 21:33:10', 1, 3),
(17, '832871e559ff3567f9c8feeaccd3fe91', '2024-10-08 19:19:08', 1, 3),
(18, 'cd77676fbd30f9ddbbe0b60a13e28914', '2024-10-08 19:22:29', 1, 1),
(19, 'a48d83c851d8e1cf4468f39833f9428b', '2024-10-08 19:23:36', 1, 3),
(20, 'b5d422063f23b4d6495bb9aadfc2752c', '2024-10-08 19:34:00', 1, 2),
(21, '716c5caf09275d3fe3cdbb4d1c2dbbdc', '2024-10-08 19:34:00', 1, 2),
(22, 'e9729721ca52558fa055d467cff40f15', '2024-10-08 19:34:00', 1, 2),
(23, '4aa5c81eb169ac21fdc3c6a2eb935251', '2024-10-08 19:34:00', 1, 2),
(24, '1ef0d58f5c93030bbf10b05800b99303', '2024-10-08 19:34:00', 1, 2),
(25, 'f849a39b900928b740f04ba236e19c9e', '2024-10-08 19:34:00', 1, 2),
(26, '9bba7c41a989b68f50e074046e12fe54', '2024-10-08 19:34:00', 1, 2),
(27, '644d0187189d9558d324d7f64728c91c', '2024-10-08 19:34:30', 1, 1),
(28, '925dc5a17142127f67851deaf00eb895', '2024-10-08 19:34:48', 1, 3),
(29, '7fe6a51296d7df0060292f6a3b840564', '2024-10-08 19:35:16', 1, 1),
(30, 'db5689d60f59c53823eba38ff0744da5', '2024-10-09 05:25:18', 1, 1),
(31, 'f0ee4fc1628bdaf62d479b652cdd387f', '2024-10-09 05:35:39', 1, 1),
(32, '2793a0063d279ff8f7e17eee926b07f9', '2024-10-09 05:38:58', 1, 1),
(33, '744d61a0c118a5136415c59a7253f8d4', '2024-10-09 05:52:05', 1, 1),
(34, '11646e2ea38f014905a4bd73ebf60361', '2024-10-09 05:56:53', 1, 1),
(35, '51c3803d76aaccaa55e24b43c7dd1bad', '2024-10-09 08:32:13', 1, 1),
(36, '0b5f9cf6f818afcae021aa21616244e4', '2024-10-09 08:32:46', 1, 3),
(37, '71e9d1b2c7f75bf10f47e15526386ee6', '2024-10-09 21:13:11', 1, 1),
(38, '61fc83c82b97cb599ae8ffffbba3a5c5', '2024-10-09 22:10:36', 1, 1),
(39, 'ab0543d2fb28a461c443d011509c14c6', '2024-10-09 23:14:57', 1, 3),
(40, 'bbd34336e414780c4e6a08306d4a98c8', '2024-10-10 00:11:19', 1, 3),
(41, 'b0db4f5ddbf3abe999de66792929860f', '2024-10-10 00:23:03', 1, 3),
(42, '20747fa08bbe7306d7ebdb5cc0df4a65', '2024-10-10 04:28:54', 1, 3),
(43, 'a2cd48eed0381d45d070fbcfc322d149', '2024-10-10 04:29:07', 1, 1),
(44, '90127bc53d993bbabf425a95f10cbfdc', '2024-10-10 04:32:48', 1, 3),
(45, '93b454c64eae3435cb217bd6b4c7b1f9', '2024-10-10 04:32:52', 1, 3),
(46, 'e221e397a775317ab5f31592de5f4346', '2024-10-10 04:34:14', 1, 3),
(47, '4214466def7f3205149f88e01f0a49bc', '2024-10-10 04:37:21', 1, 1),
(48, 'f6f34430344982c7a814c93d61be52b1', '2024-10-10 05:12:12', 1, 1),
(49, 'bf6c3379a81ecf447a9dcbf954d491ef', '2024-10-10 07:52:38', 1, 1),
(50, 'ea7cf2fbc6b54de005de0c66f7d2a32d', '2024-10-10 11:33:59', 1, 3),
(51, '5d9478e46175435ae20b3f07f52f74b8', '2024-10-10 11:35:00', 1, 3),
(52, '855d7b902f20821dae8071c63de489a6', '2024-10-10 11:35:33', 1, 1),
(53, 'ea45182e865a2a4550f509d10ddea2c8', '2024-10-16 14:07:43', 1, 2),
(54, '6f7a2448d333235c94984215dd4d5029', '2024-10-16 14:09:54', 1, 1),
(55, 'f4cc7c1b374e5e77fc40a439e6bde55e', '2024-10-16 14:12:59', 1, 1),
(56, '6c6c3239bf7b88aaaf5674e96482f30d', '2024-10-16 14:14:41', 1, 1),
(57, 'da4b87df96ecb6ecab42b5ebae023a6d', '2024-10-16 14:15:21', 1, 1),
(58, 'b41b41c278e5b5de130e6935deea9718', '2024-10-16 14:22:51', 1, 1),
(59, '56fe60e18b4ce7fe2c311f9535f1dcfd', '2024-10-16 14:23:04', 1, 1),
(60, '67624596cf69a40fa3a84a27abfe309e', '2024-10-16 23:43:26', 1, 1),
(61, 'c846a3069466df5a8de66e7a120e9df6', '2024-10-16 23:55:45', 1, 1),
(62, 'f8258fb3937148b2a19dada10bc7e031', '2024-10-17 00:03:39', 1, 1),
(63, 'c198df3937721ab7ae44c460755ce369', '2024-10-17 00:15:06', 1, 1),
(64, 'e35971a827fe51f4eafa198549568af7', '2024-10-17 00:21:47', 1, 1),
(65, 'f52f723ff5cbf58b4227996c69dc0902', '2024-10-17 00:27:33', 1, 1),
(66, '3110c9a92347eaa94ed71d9a4fd14843', '2024-10-17 08:43:11', 1, 1),
(67, 'c87248cefd4a5d3131af33683386a338', '2024-10-17 09:16:06', 1, 1),
(68, 'e996962907a99431472d59ca167ce761', '2024-10-17 11:45:17', 1, 3),
(69, '76fcc8972cf4ada52c188746bf02aaed', '2024-10-17 14:12:02', 1, 1),
(70, '867a7492893559db31d41e8513ea1c28', '2024-10-21 18:12:10', 1, 1),
(71, '0f1ea030643ed0b2aaa3efb502105eb1', '2024-10-22 04:29:44', 1, 1),
(72, '4c879f1648c455c77d14231ab338f389', '2024-10-22 04:59:46', 1, 1),
(73, 'c9beb19ef6d905f1c2b14df6dbba2284', '2024-10-22 19:15:13', 1, 1),
(74, '6e5328ac38caf49bbac274feb28fc0e0', '2024-10-23 00:02:54', 1, 1),
(75, '9eebb1574335331b24783bdb0be1f062', '2024-10-23 00:36:49', 1, 1),
(76, '9a1081e9f72ca78484663a71ef641fe8', '2024-10-23 15:07:13', 1, 3),
(77, '461aae3b8c673c4a76e0a46ebf7a053b', '2024-10-23 15:08:45', 1, 3),
(78, '676bbe0172e139012533a0ba1ead5b5f', '2024-10-23 15:26:15', 1, 1),
(79, '9785fdff42ee9d7393a17afc8c383aa3', '2024-10-23 15:26:27', 1, 3),
(80, '88a3c7ce073d84c91f5642e0bc4cced1', '2024-10-23 15:28:19', 1, 1),
(81, 'f4d45064f25221b348c30e650b67361c', '2024-10-23 15:28:30', 1, 3),
(82, 'b7441d8286a23a760768e9733d33e48e', '2024-10-23 15:29:33', 1, 3),
(83, '70d2ebba9bf005fe1ffb8f705087cc5a', '2024-10-23 15:42:08', 1, 1),
(84, '9429581def25c5dc8bfb0de042c434c4', '2024-10-23 15:43:59', 1, 3),
(85, 'f30e3073ef3007772a5900e211aebfcc', '2024-10-23 15:44:05', 1, 1),
(86, 'e16dfcc0ba83af5ae49d329e5deeee49', '2024-10-23 15:45:37', 1, 1),
(87, '659fde01d427080051a3a7161bb7c19e', '2024-10-23 16:06:52', 1, 3),
(88, '828d01b189199839b1ce117993088199', '2024-10-23 19:43:15', 1, 1),
(89, '650b473e466033facfc0664ddd283799', '2024-10-23 20:31:36', 1, 3),
(90, 'dd35e0d6709240529ab03d8019391941', '2024-10-24 08:05:10', 1, 1),
(91, '62686d6801d0ec212e16f2c5fb869039', '2024-10-24 10:21:59', 1, 3),
(92, 'd28a7d9b13d8a9b6bf37a268f1afb85f', '2024-10-24 10:35:09', 1, 1),
(93, 'ecfadac7696e22cbbb6bd456afc89ed0', '2024-10-24 10:37:02', 1, 1),
(94, '033853ac3270e22c2fbfc41c869d548b', '2024-10-24 10:37:49', 1, 1),
(95, 'f72b4b304dff1728caa68933268305ca', '2024-10-24 10:37:57', 1, 1),
(96, '11fd4fe723f6998b8b13908da06d7f17', '2024-10-24 10:38:06', 1, 3),
(97, 'c354264f958460ffe5cac2d370ac85c5', '2024-10-24 10:40:17', 1, 1),
(98, 'afc30db31d8aa33b4d272010bf30dda3', '2024-10-24 10:40:42', 1, 3),
(99, '0cc9dff81a9e4249e295d27835290a6c', '2024-10-24 12:19:38', 1, 1),
(100, '16ad4873d42db73694d2b2cfef31e59a', '2024-10-24 12:20:14', 1, 2),
(101, 'ab24e29c0d66c0e344b897f0f4f00809', '2024-10-24 12:26:38', 1, 1),
(102, '51c4d72ff7fbd8c7f545b13a0715471d', '2024-10-24 12:27:05', 1, 3),
(103, 'a232356730e685fe92ab15599bfe7764', '2024-10-26 21:57:41', 1, 1),
(104, 'f14db5b599bfb15db950cd269cbfcf6c', '2024-10-28 18:10:36', 1, 1),
(105, '14cdd6992a82662e4a5540437bf4c96a', '2024-10-28 18:11:01', 1, 1),
(106, 'daebb4c8380706030a118203adaea33f', '2024-10-28 18:16:46', 1, 1),
(107, '79e84ad45cd97c4039940a63aa93c735', '2024-10-28 18:17:23', 1, 1),
(108, 'd0959ab1aa5e02a089b8d66e0cae3fcf', '2024-10-28 18:21:07', 1, 1),
(109, '8540ec82ea06434b7eacf5d1481612bb', '2024-10-28 18:21:41', 1, 1),
(110, 'dec1220fc30af018bf9bda34ed078854', '2024-10-28 18:32:16', 1, 1),
(111, '9ca90571b49de5ec25ff97db8259afcc', '2024-10-28 19:59:07', 1, 1),
(112, '6055aab21619b6467689771ddf0e6217', '2024-10-28 20:11:38', 1, 1),
(113, '5642164e5ee6fe2b3470d7b6cf4a8fe0', '2024-10-28 20:14:02', 1, 1),
(114, '3b1bbac6e5131b84e20f29eddcc88ff1', '2024-10-28 20:14:14', 1, 1),
(115, 'd3d80749ab2c0fae471e27519e327dd4', '2024-10-29 01:27:51', 1, 1),
(116, '2225091645453791715ca3e6278fc59f', '2024-10-29 01:45:39', 1, 1),
(117, '9cbc17f72b2f4aa7dd2710dca973ec7f', '2024-10-29 01:45:44', 1, 1),
(118, 'aebbd33709fff8594f2439656e6dc777', '2024-10-29 02:03:34', 1, 1),
(119, 'b90172421743037e03bed7f85aff6435', '2024-10-29 02:03:39', 1, 1),
(120, '539cc7a812b3043c4bd8a30ba41e63ad', '2024-10-29 02:15:33', 1, 1),
(121, '926ceb85a4c21a244aa348785379e59c', '2024-10-29 02:35:53', 1, 1),
(122, 'b3750d6c1f5892ae539e4aa879ce36c4', '2024-10-29 02:36:26', 1, 1),
(123, 'bc1bbbd0a5e80e097ed4fd74eda4b91c', '2024-10-29 09:38:12', 1, 1),
(124, '7cf28275ee4aaf4977c75c590b2f6a21', '2024-10-29 09:39:24', 1, 1),
(125, '680ca132b3c63c147dac704e58e82556', '2024-10-29 17:52:59', 1, 1),
(126, 'efe0ec17a1c4d47b8ce8736383dfd6a9', '2024-10-29 19:25:59', 1, 1),
(127, 'f05ce0ea5c248be7d3ae72d8dd52bb7a', '2024-10-29 21:57:31', 1, 1),
(128, '18da03ba54fec91e24d2194b8faf6db7', '2024-10-29 23:40:39', 1, 1),
(129, '96b7b4a8acb49a222ed19c0f5bd68285', '2024-10-29 23:50:37', 1, 1),
(130, '4213dbd697938de9f83085e7d84f7bbf', '2024-10-29 23:52:55', 1, 1),
(131, '174b23e29e56d41c9caaa080256c3b29', '2024-10-29 23:59:19', 1, 1),
(132, '34eae8c019ccd1ea7a3dc924f36ff305', '2024-10-30 00:04:17', 1, 1),
(133, '342c5b02b84b769aaff57836178f1c15', '2024-10-30 02:39:59', 1, 1),
(134, '156c9bb2070489853cf86292e80acb63', '2024-10-30 02:45:08', 1, 1),
(135, '2ba577592baa7912cc031efe903e5f7a', '2024-10-30 02:55:50', 1, 1),
(136, '253bdcd28db107c87917d2d5183cf66b', '2024-10-30 02:59:15', 1, 1),
(137, '0f83b2954edf1c59c662a0eee628fbc5', '2024-10-30 10:34:31', 1, 3),
(138, '1b9ca2f1c4c5bee3c8f59109666e4553', '2024-10-30 10:37:56', 1, 1),
(139, 'c82e374bcbda28c8c89b6dd7f88b60b2', '2024-10-30 10:51:07', 1, 1),
(140, '737bc4dd67c1cb93f858eab0ffde3cc7', '2024-10-30 10:55:15', 1, 1),
(141, 'bd575e73e75ffb957dd9b4f90bb6b6b4', '2024-10-30 13:44:57', 1, 1),
(142, 'd5265d16c9f5e088f730852426c2e6c3', '2024-10-30 13:52:30', 1, 1),
(143, '48ad5a679d9d9e762d977239539d8d5c', '2024-10-30 14:02:08', 1, 1),
(144, 'beaef9c16029ac3145322c451716bf5e', '2024-10-30 15:04:34', 1, 1),
(145, '384d2d7da6830ee97c102290ccb36b4a', '2024-10-30 15:04:59', 1, 1),
(146, '25b60962e91219b299df9f64d5cd724c', '2024-10-30 15:05:44', 1, 1),
(147, 'd2ea2bc08ef27f7fa27758bc89116a32', '2024-10-30 16:24:38', 1, 1),
(148, '4d490a4553064d2af8783070011d9842', '2024-11-01 15:39:22', 1, 1),
(149, '152d974576799148bba5ae91a5fc6f41', '2024-11-01 15:42:48', 1, 1),
(150, '26a1718ccc3f2106918b5bcd706274a3', '2024-11-05 01:11:17', 1, 1),
(151, '8056cc15f71c532ad6b1fa10685a91dc', '2024-11-05 01:18:00', 1, 1),
(152, '8ef6a0466f901692d1f09c0e5a2c715c', '2024-11-05 01:34:43', 1, 1),
(153, '0558cf96d8ef18374beb4cdaa914d89d', '2024-11-05 01:36:32', 1, 1),
(154, 'b17077188394a35813d3a1ed29009191', '2024-11-06 19:51:08', 1, 1),
(155, '83194da78a8591ad38e52be854507327', '2024-11-06 21:02:35', 1, 1),
(156, '18129cc7c97412e86506ad771669da4e', '2024-11-06 22:27:30', 1, 1),
(157, 'c38d6cd5423a24050975feae956e6977', '2024-11-06 22:27:30', 1, 1),
(158, 'f0587d9b97b458fb867f902058ab13d5', '2024-11-07 00:50:11', 1, 1),
(159, 'd74a330795d178b426cac500a8520769', '2024-11-07 03:04:55', 1, 3),
(160, '3ed932f3cdc228384e80cd2826192bf8', '2024-11-07 03:04:55', 1, 3),
(161, '0b77e9545dcf1cdc3ed969ef6e698f04', '2024-11-07 03:39:29', 1, 1),
(162, 'd7a91fcd65803e98ec072e71dfa26213', '2024-11-07 10:13:55', 1, 1),
(163, 'a50a23bd88ed68cc93e9a3fd8c0da30a', '2024-11-07 10:15:32', 1, 3),
(164, '18f08d40bf2b8092762662f34acc481e', '2024-11-07 12:16:35', 1, 1),
(165, '703a27e631b119fbe9dd339d7a35650a', '2024-11-07 12:18:58', 1, 1),
(166, '1001a6e434b7188b33a7daa744dda74e', '2024-11-07 12:20:15', 1, 1),
(167, '9613024a979eee51e3ace217806b0a1b', '2024-11-07 12:23:44', 1, 1),
(168, '1e0dee888231632ab33eb0de6e07e13d', '2024-11-07 12:45:40', 1, 1),
(169, '762364b72af276d4ab52196761113715', '2024-11-07 12:46:21', 1, 1),
(170, 'c1b0a01ad3dd624ee184b5881688e3fc', '2024-11-11 18:52:10', 1, 1),
(171, '1cf9595e9d864dd2b70f1d487c2d6fbb', '2024-11-11 19:31:51', 1, 1),
(172, '53ef39cfc6e2f3e905f0827d05d7699a', '2024-11-11 19:43:44', 1, 1),
(173, 'b8de065c1b4846ba08272d940bc2db5b', '2024-11-11 19:44:35', 1, 1),
(174, 'afb5d22ddf3aa5776617cf2d2be07f58', '2024-11-11 19:52:36', 1, 1),
(175, '104fe0b48ab6b90ac73d314f27d5637c', '2024-11-11 20:09:40', 1, 1),
(176, '7ee0713e245cc40e6367cd38a8c9bd25', '2024-11-11 20:17:06', 1, 1),
(177, '94b1123c53b6c023d743ddb19ba11224', '2024-11-11 20:22:36', 1, 1),
(178, '6633d4250c40612bc5aa78bb681c8501', '2024-11-11 20:32:30', 1, 1),
(179, 'cbb9c8b83605620a662b969d04d4216f', '2024-11-12 02:02:17', 1, 1),
(180, '26ccaf44009aea59d8ed8809b24bb5b4', '2024-11-12 19:41:45', 1, 1),
(181, '7f56c2d44718640ba9b5b0ba00d82feb', '2024-11-12 19:57:02', 1, 1),
(182, '432256ea47d1f031b83c794b1f67dc76', '2024-11-12 20:05:35', 1, 1),
(183, '9d4bb4e6e9d08c467937f9f3d1b1b982', '2024-11-12 20:29:03', 1, 1),
(184, '6e393f30a90597a9c5991505b98b5a70', '2024-11-12 20:29:40', 1, 1),
(185, '30b1840afc572c09ee3bbb38f41eac96', '2024-11-12 20:38:15', 1, 1),
(186, '7cf4f05da68cf6c42a198d0604abb144', '2024-11-12 23:37:05', 1, 3),
(187, '6f062464dffbc0516a4cef63619e6fed', '2024-11-13 07:27:03', 1, 3),
(188, '78dc4587e80f0eaa7dc13f33de0f15c4', '2024-11-13 09:16:57', 1, 3),
(189, '76a3f86046c29e6a555297cfd98a420b', '2024-11-14 12:02:03', 1, 1),
(190, '618a1a6ddd121ba2171261d866a79a36', '2024-11-14 12:02:44', 1, 3),
(191, 'cf3876ddbf6a92e8ae3ccbddba39a214', '2024-11-14 12:03:12', 1, 2),
(192, '5169e3c4c635e09820ce5b79a828dde9', '2024-11-14 12:03:31', 1, 1),
(193, '317a983dd78b5b506d2dff06d98b5cb8', '2024-11-14 12:03:42', 1, 3),
(194, 'b296b1095daa1b0bf4bff846793e1728', '2024-11-14 12:04:07', 1, 1),
(195, '383aa0213c04b16054864ffdb24a3c16', '2024-11-14 12:44:59', 1, 3),
(196, '2f5d10ec06f24dbe24b8f5dda6f13a5b', '2024-11-15 01:19:04', 1, 3),
(197, '233bc569c810795629852782959595ff', '2024-11-15 03:53:22', 1, 3),
(198, '08a3b700673570fd50969df299239412', '2024-11-15 09:55:57', 1, 3),
(199, '236689189b149c73cb860c6942bf578c', '2024-11-15 11:34:06', 1, 3),
(200, 'edf55b5c8e3fa80f2f40258f2cbbcf63', '2024-11-15 11:34:24', 1, 1),
(201, '88f638965b63caed6acfc74fb1f3cc08', '2024-11-15 11:34:39', 1, 1),
(202, '52a4a2ef6bcaa66d494017e6e009b238', '2024-11-15 11:34:56', 1, 3),
(203, 'a6cdfd612f27756553f18574b48bc70d', '2024-11-19 18:27:28', 1, 1),
(204, 'a585640276a309c59350edf8670a39b8', '2024-11-19 18:27:41', 1, 3),
(205, '559494bcc05bab04bc45a7e2948242a3', '2024-11-19 20:35:34', 1, 3),
(206, '48a8ebb988fc796b5c2a240c704b1439', '2024-11-19 20:46:52', 1, 1),
(207, '7b7c7c31b5fc912ecb450e5f51ba2680', '2024-11-19 20:47:00', 1, 3),
(208, '276586036ba1843c1d4b6f446fb7214a', '2024-11-20 15:08:52', 1, 3),
(209, '6555e1b6b6a582fff64b216a557a61c4', '2024-11-20 15:15:08', 1, 3),
(210, '739d3771b50585c89a545dfc05da5ce3', '2024-11-20 15:19:39', 1, 3),
(211, '617671a206a1b9005ff5a6f952fe0545', '2024-11-20 21:22:31', 1, 3),
(212, '3be1df5d6d6c8d16791eaffb7772b5fb', '2024-11-21 01:59:02', 1, 3),
(213, '1f912899870ef39167adaacbcd96ef75', '2024-11-21 07:32:32', 1, 1),
(214, 'a3e08f12d18c0ee84e5b6a0f5f85ff65', '2024-11-21 07:32:43', 1, 3),
(215, '4f35bbf7229a081667bb2cf7195ed82c', '2024-11-21 07:33:24', 1, 1),
(216, 'd43b6b0128889a7a470a99d20fc80fba', '2024-11-21 09:36:05', 1, 3),
(217, 'a50fd75ad39f4b1d0dd29ad9417dbc60', '2024-11-21 09:36:46', 1, 3),
(218, '618f35b7856bb9fd2e27f0b5bda5e8d5', '2024-11-21 11:12:04', 1, 3),
(219, '57f6a4cdfcdb9870cf7ba28039b6ba3e', '2024-11-22 11:17:43', 1, 3),
(220, '57ffa99c5527f2538ad30fa57bece5e4', '2024-11-22 19:28:09', 1, 3),
(221, 'fc19cf3c2e5e10b7fd1dde14168f04c2', '2024-11-25 05:21:43', 1, 3),
(222, '100c536a7c10e5fc53c862fb397a02f5', '2024-11-26 11:27:06', 1, 3),
(223, '39fad8dedf6c7129c38e0c04449c6d45', '2024-11-26 11:29:02', 1, 3),
(224, 'a1ebef1b1dd371d3cb5ae19345908bc0', '2024-11-26 17:36:44', 1, 3),
(225, 'd96a5d06ab5805e5cd93fbe0fa9e60cc', '2024-11-27 02:24:07', 1, 3),
(226, '95464cd099db7e90f8dbf0b9a6a68432', '2024-11-27 17:08:10', 1, 3),
(227, '4d61dfbae539fd7ae2213b69fa945d7c', '2024-11-27 17:08:21', 1, 3),
(228, 'ebe979cad3e54beee5ba4575ff374fbf', '2024-11-27 17:12:31', 1, 1),
(229, '089e07982be1802442d1066fc64dae9c', '2024-11-27 17:12:59', 1, 1),
(230, 'ecfcda82a5a47664ec5e6c8537daf898', '2024-11-27 17:37:49', 1, 3),
(231, '81f61983f7616b6af156a0b2731fba3a', '2024-11-27 19:08:14', 1, 1),
(232, 'f24c0ea5f9045715ea5c2b3e93216acc', '2024-11-27 19:08:40', 1, 3),
(233, '16188f289ad5d4e4d877ab16d0ba70c2', '2024-11-27 19:18:04', 1, 3),
(234, '7a473d7f50716a42a4b0fe8fd974b49b', '2024-11-28 12:06:03', 1, 1),
(235, 'cd30c243d30ac2fd1525c031f769383c', '2024-11-28 12:06:11', 1, 3),
(236, 'e276b5dbdc3743e3c6393a6c4e21a207', '2024-11-28 12:47:33', 1, 3),
(237, 'bbaaff51467dbbdd42e65be73c9d246d', '2024-11-28 17:56:02', 1, 3),
(238, 'e7a41b2b246345058bb044263eaa1449', '2024-11-28 17:58:35', 1, 1),
(239, '2c56c664e1688e20e566372c2d6b9d10', '2024-11-29 02:46:21', 1, 3),
(240, '877632a526915675e02111d1ccf1ca96', '2024-11-29 03:13:37', 1, 3),
(241, 'bc6808dd4738676a10fdfd34403a90a2', '2024-11-29 04:05:02', 1, 3),
(242, '856b6ba904a7dc21d84ed8c1ca7d177e', '2024-11-29 08:29:11', 1, 1),
(243, 'b0551a60fc75b916d371a9518219f12e', '2024-11-30 11:10:47', 1, 1),
(244, 'c1d6887c947eba651e73d5a388a58598', '2024-12-01 09:04:21', 1, 1),
(245, 'bf2f31eb358987f3401285e8cc54df0b', '2024-12-01 23:50:45', 1, 1),
(246, '16143f4e16a4e1d01d28ba2b3429e95c', '2024-12-02 01:34:14', 1, 1),
(247, '9413c6fe83af2f8891c5fc0f11d9a614', '2024-12-02 06:14:55', 1, 1),
(248, '85ccbf2a206e3a03f10e654011a6b769', '2024-12-02 15:45:05', 1, 1),
(249, 'aa761bfbb4fe16c177d0343d529fe520', '2024-12-02 15:55:39', 1, 3),
(250, 'e3bb177586ed36842f50aa811225f345', '2024-12-02 15:55:47', 1, 1),
(251, 'a56bfebfef265f49b82e685626eb953b', '2024-12-02 16:02:42', 1, 1),
(252, 'd47c55a5457f1c94d3d894d2a4815bd5', '2024-12-02 16:05:19', 1, 3),
(253, '6c59e0473416b23dfa81c9082aeea940', '2024-12-02 16:05:56', 1, 1),
(254, '1012d166299f6406621184ae2c1717ed', '2024-12-02 18:49:52', 1, 3),
(255, '330055ec9bdba23347e1e6a22a9133e6', '2024-12-02 19:17:20', 1, 1),
(256, 'f3ed9bae737e3bf9acf08536930013fd', '2024-12-02 19:20:35', 1, 1),
(257, '465bd5dddc9c8a9f48f64b1362c31b61', '2024-12-02 21:56:13', 1, 1),
(258, '71201efaec8328ee4416105d0ed6f6ad', '2024-12-02 22:43:16', 1, 3),
(259, 'e1aa2d1df14c0f5375e2ea99d6218748', '2024-12-03 01:39:10', 1, 3),
(260, '79f44bceb5d826e6730c9c2e9e7e9c42', '2024-12-04 10:49:23', 1, 1),
(261, 'c979cc07acc9f6b3e249b282cc8f5193', '2024-12-04 10:49:30', 1, 3),
(262, 'a18b30efb072a59855f17c9e655605de', '2024-12-04 11:05:11', 1, 1),
(263, 'dc9ebba4799c96855d328e79165ee3b5', '2024-12-04 11:24:25', 1, 1),
(264, 'db1ac0683cc6a42a79be07654a1dab67', '2024-12-04 11:35:13', 1, 1),
(265, 'de31c29f5dee07f99247eb7b08364c84', '2024-12-04 11:35:18', 1, 3),
(266, 'fecd9a98e1ffb20d1e0e87d93a83877d', '2024-12-04 22:23:02', 1, 3),
(267, '47a076fdee87295c7f0f778c6c8cc195', '2024-12-06 08:15:42', 1, 1),
(268, '0a7468f9c8fdad9f4879ff50b97c494e', '2024-12-06 09:05:28', 1, 3),
(269, '69d3346d9635316c47b43b4851d325d6', '2024-12-06 09:19:19', 1, 3),
(270, '721689cb602c2630bbc23a797c798cf6', '2024-12-24 12:48:05', 1, 3),
(271, '7165b0cd5d95a8111f3d0e292576ff71', '2024-12-24 12:51:11', 1, 1),
(272, '93a783f13ab921f5f1788416ed4ce1b9', '2024-12-24 12:53:18', 1, 3),
(273, 'd65e369052e80307ee49b30cc1f8a049', '2025-01-02 12:59:01', 1, 1),
(274, '3e4e21b14b09573160ea5f8a537fbe45', '2025-01-04 12:08:37', 1, 1),
(275, '277a7e0b04af1820de4c51cdefbc07a5', '2025-01-04 12:41:06', 1, 1),
(276, '9e14ccdd5adfaa42a15b04e4554679d2', '2025-01-06 01:55:57', 1, 1),
(277, '522958caa210aa31dfa5a25b2c9364d8', '2025-01-06 09:58:21', 1, 1),
(278, 'd6bd2e9041042d342957261fcefba3a8', '2025-01-06 11:48:10', 1, 1),
(279, '0c280f7ad9fff187c9aeb2f3005e4494', '2025-01-08 05:48:59', 1, 1),
(280, 'ff352db95c314e780c0394633d1d31dd', '2025-01-09 06:39:51', 1, 1),
(281, '5f2c76f6d25303216952ce8d9b0d4815', '2025-01-09 15:08:46', 1, 1),
(282, 'ee4ae20c01b205b39e279404af4c0cc7', '2025-01-11 12:06:22', 1, 1),
(283, '7258aeabcd320b64ff94115839b7afcb', '2025-01-11 21:00:36', 1, 3),
(284, 'e438e504bda7481b196b0359b2980b54', '2025-01-11 21:01:53', 1, 1),
(285, 'e687bf31244fb2aefea3c94cb21d9e06', '2025-01-11 21:02:27', 1, 1),
(286, 'e3a0f130392bdfb6efeee15b6f5747c1', '2025-01-13 08:55:44', 1, 1),
(287, 'e986ed69f3bc2548a783f525c6596bf2', '2025-01-13 08:55:48', 1, 1),
(288, '029e75cafa3cc60730a384c48b922fb5', '2025-01-13 08:55:54', 1, 3),
(289, '627cce836c3dd0c1f4e6540d29e2852a', '2025-01-13 09:01:26', 1, 1),
(290, '91a41e02710ce2c100b282f70c3a4b4b', '2025-01-13 09:41:15', 1, 1),
(291, '077615f6fe3c670044c30c13f31a5b7a', '2025-01-13 11:07:20', 1, 1),
(292, 'dedb6cf0aafd1658f72fc145aa064bd2', '2025-01-13 11:07:25', 1, 1),
(293, '0bf9da43d3d9823f1c6e6d88a25e6abb', '2025-01-13 11:07:33', 1, 3),
(294, 'e03f777700746b1910d1aff2aab76f51', '2025-01-13 11:11:53', 1, 1),
(295, '657d925ff5c1e110a4939f4bcbb2f7ab', '2025-01-13 12:07:41', 1, 1),
(296, '0f20e938014532674e53353ae9249307', '2025-01-13 12:17:20', 1, 3),
(297, '1d184e4fd2e9508fbb32c26809b7c756', '2025-01-13 13:12:34', 1, 3),
(298, 'b843bc5150383e00b7e45614bb44a43f', '2025-01-13 13:17:29', 1, 3),
(299, 'b084262220c8ec0900fe866fa3397780', '2025-01-13 13:57:07', 1, 3),
(300, 'aa6f7f36949476a94dec02adcdb04e65', '2025-01-13 13:57:13', 1, 3),
(301, '460cbc4dd3113dbd461327f91d96041e', '2025-01-13 13:57:15', 1, 3),
(302, '5df8928806904e1e89324258ee65db57', '2025-01-13 13:57:15', 1, 3),
(303, 'f153c88589e08ce42149153ead0c71fc', '2025-01-13 13:57:15', 1, 3),
(304, '94a3095fa84a4f6c3ddd8bcee9cd6a7f', '2025-01-13 13:57:15', 1, 3),
(305, 'c9edcd313f0dfdb0e591254eec0ea598', '2025-01-13 13:57:15', 1, 3),
(306, 'ef84be3b56fcfe9a1bdd8d527c6b081d', '2025-01-13 13:57:23', 1, 1),
(307, 'e83aa2b9dddf5e61d5f0e48ffd2eb6a7', '2025-01-13 13:57:27', 1, 3),
(308, 'f7a3158eeb9d04ddb0c09c159fee06fe', '2025-01-13 14:01:12', 1, 1),
(309, '949312643589f1e714fddce161435463', '2025-01-13 14:01:22', 1, 3),
(310, '9990a5f9ea0207b7b074d136f41a44a3', '2025-01-13 15:02:19', 1, 2),
(311, '6be912cbdc167dbbe19f66ea7fc3fb65', '2025-01-13 17:59:49', 1, 1),
(312, '050b01c9e277e7ce46f467b72df14f3f', '2025-01-13 18:00:29', 1, 1),
(313, 'c42ed6184dfba0453205f0feb412966d', '2025-01-13 18:01:16', 1, 3),
(314, '1434fe18d0f0eedcb133b158adbfb402', '2025-01-13 18:04:48', 1, 1),
(315, '0e033eaf1a8d8671a110a28a007e0d6b', '2025-01-13 18:05:14', 1, 3),
(316, '0c27f3eec5922e52b645eff9329d5973', '2025-01-13 18:10:24', 1, 1),
(317, '4adb3cfc0020f66aab7fcf61b82dcfa7', '2025-01-13 18:10:28', 1, 3),
(318, '0fdf644c015daaa6793d8557351f8a82', '2025-01-13 18:11:10', 1, 1),
(319, '5211ade9b747a6f03e6171ad1d7fd1ac', '2025-01-13 18:17:32', 1, 1),
(320, 'd1d14109d66d437f99534f4de14c72cc', '2025-01-13 18:24:20', 1, 1),
(321, 'f5d340508b6d6da5ad873a870b576fcd', '2025-01-13 18:25:22', 1, 2),
(322, 'd3244cd0471c3915742458695a1c01c0', '2025-01-13 18:27:27', 1, 3),
(323, '30e10866b3e38f575b469fb48655a927', '2025-01-13 18:29:04', 1, 3),
(324, 'cdc604e2c326b109531deec14944a7b8', '2025-01-14 06:27:44', 1, 3),
(325, '10f78c89b3ef62f3677763dc9dbcc087', '2025-01-14 06:29:01', 1, 3),
(326, '27f515157d8978b62f3cbad1e87b64fd', '2025-01-14 06:29:34', 1, 1),
(327, '7e31a67691c001c7bad755f4cb2d5bde', '2025-01-14 06:33:50', 1, 3),
(328, '871603ff1c8605047c557b654aa1ad7c', '2025-01-14 06:35:07', 1, 3),
(329, 'e5458372a276ac1b979e7803ad068932', '2025-01-14 18:21:07', 1, 3),
(330, 'add981960bdda81bf8819ac078624151', '2025-01-14 18:21:39', 1, 2),
(331, '4417349bd5df6d8b32a39ea178893657', '2025-01-14 18:26:51', 1, 1),
(332, '770688c0a7be052138f855fb881491a6', '2025-01-14 18:27:20', 1, 2),
(333, 'a2ed90b12bc0f16410f0a060cd3ee53b', '2025-01-14 18:27:26', 1, 3),
(334, 'e17fa30ca9d9a3768f4d859657744085', '2025-01-14 18:27:38', 1, 3),
(335, '3b593a8ed72a8d9d5c9c0d3a8eaba763', '2025-01-14 18:27:46', 1, 1),
(336, '2487d48f1c5d76244f23badcfff86c28', '2025-01-14 18:28:22', 1, 3),
(337, '9d1e7371eae83492f50cd9a7409ae7c3', '2025-01-14 18:38:27', 1, 2),
(338, '85e7f1c2ce9db23690fb4cd012837aca', '2025-01-14 18:39:22', 1, 2),
(339, '93a816d2b6c1479ac442c8af6b943040', '2025-01-15 02:28:43', 1, 2),
(340, '9eebdd6ff70b7103ec97fd7fe6173607', '2025-01-15 02:28:48', 1, 3),
(341, 'ee49385629c4b0ae6a799918b7970335', '2025-01-15 02:38:44', 1, 2),
(342, 'd5268f09432aa297c9cd85dc6fbc3fe6', '2025-01-15 03:19:20', 1, 2),
(343, '34f928058b73bb93e6d886177867946b', '2025-01-15 03:19:41', 1, 3),
(344, '30d85a5e020291817dd3061f38756d30', '2025-01-15 03:20:23', 1, 2),
(345, 'ba24306ec517f97b0bbc0c5eefe480b6', '2025-01-15 03:21:37', 1, 2),
(346, '96a0edd55c2ecb0f4a779ff5e815d262', '2025-01-15 03:25:29', 1, 2),
(347, 'bbf6205afe36975c7fa7c06a24ec8635', '2025-01-15 03:53:21', 1, 1),
(348, '8bd5392cf9ff0d7797c9b58c804cd07c', '2025-01-15 03:53:26', 1, 3),
(349, '857003576949c2c1c750094afd52e380', '2025-01-15 03:53:30', 1, 2),
(350, '56d60f782c29098ff4bc27f186358e9a', '2025-01-15 03:56:42', 1, 2),
(351, '39b5dc9469c2eb7e7311b11a032186db', '2025-01-15 10:15:43', 1, 1),
(352, 'ca295aa53b8bd2e21b31c0daf4da6415', '2025-01-15 10:23:03', 1, 3),
(353, 'ea68dea7408ae1a6e499a674cff343f0', '2025-01-15 10:44:22', 1, 2),
(354, 'e9bc16e4ff86a0f8c1bd3225deb1841d', '2025-01-15 10:55:15', 1, 3),
(355, 'e1c2da9476e5c6e51bee3c62cfb93eb6', '2025-01-15 10:55:34', 1, 1),
(356, 'bdf57c683a5730078061690751771df9', '2025-01-15 11:01:15', 1, 2),
(357, '6a2a9362fd160c7f7a2d076ca4cc8441', '2025-01-15 11:01:35', 1, 3),
(358, '70506cee078b809e2b1a4997906893a4', '2025-01-15 11:01:41', 1, 2),
(359, '6d3926be0e04cbf9509b3571aa330252', '2025-01-15 11:17:44', 1, 2),
(360, '69d14b7be4c2727921254cbea8897583', '2025-01-15 11:17:49', 1, 3),
(361, '1c3659fe5cf299c756d6f18b5cf28160', '2025-01-15 11:36:22', 1, 3),
(362, '5978dac0e0751068a7f12d0bc83dad3a', '2025-01-15 11:44:44', 1, 3),
(363, '56a010d843749798a838fcfabcae4f24', '2025-01-15 12:17:23', 1, 2),
(364, '5740cf9277965af2a79ed04c7474f5ed', '2025-01-15 12:18:13', 1, 2),
(365, 'decaf3239d3d53ddcd947345f2c4f9ee', '2025-01-15 12:19:06', 1, 3),
(366, 'a3348fc2ac8bd5a51ab4d515797c0b95', '2025-01-15 12:31:43', 1, 3),
(367, 'fb1e746cfdaaccd1f36d5a79441c42cb', '2025-01-15 12:53:43', 1, 3),
(368, '346feca3fc18033fbfdbcce0c9707d0a', '2025-01-15 12:55:46', 1, 2),
(369, 'b2ef87dc6aa39fabc2a6ff573d4b7306', '2025-01-15 12:57:13', 1, 1),
(370, '2f4d7da6062dbe718fd11ef0fad66a55', '2025-01-15 13:13:17', 1, 3),
(371, 'af526379931d54d237b8f87db00a9347', '2025-01-15 13:17:46', 1, 3),
(372, '4ef4b9f0386534752751e724dce32b51', '2025-01-15 13:18:04', 1, 2),
(373, 'e9fc51139e65b959e40172ac4fccd3f6', '2025-01-15 14:50:45', 1, 3),
(374, '20cdb8e0d001c311f17298c593f48cd4', '2025-01-15 14:50:49', 1, 2),
(375, '774ca196fb476806878530dbddc0d3c7', '2025-01-15 17:34:42', 1, 1),
(376, '50caaa75e9d68f68f4ddc7a1e1a3cea2', '2025-01-15 17:34:46', 1, 3),
(377, '210639c1814eea1a7ea523dcc89ac8be', '2025-01-15 17:40:03', 1, 1),
(378, '201dba54711c1f206dbe29c8ee1ec615', '2025-01-15 17:42:06', 1, 2),
(379, 'd60feacff0cea62d02f55f0177b96ae5', '2025-01-15 17:56:30', 1, 3),
(380, '7cd38b228e46a1a8149d90396d468564', '2025-01-16 09:27:34', 1, 1),
(381, 'a7285de5c466a43d912d96bff6e5a211', '2025-01-16 09:42:01', 1, 1),
(382, 'accc3fee4af9457feef26703873b80aa', '2025-01-16 09:42:38', 1, 1),
(383, '3de16b6755afd90ddf95e56ff2187908', '2025-01-16 09:49:41', 1, 1),
(384, '3cf9b8c31a716240a015d0a321b4c067', '2025-01-16 09:49:47', 1, 1),
(385, '68987dcf199e19a6b60cb9d5c91c2f4c', '2025-01-16 09:53:59', 1, 1),
(386, '09571bb1cda7af130fd6f2fe8a451ffa', '2025-01-16 09:56:40', 1, 1),
(387, '8041466bb5f7dfbb17f886465c8eed5e', '2025-01-16 23:45:00', 1, 1),
(388, 'b481f4d37350bf3df78ce1a7afd46224', '2025-01-16 23:47:57', 1, 1),
(389, '47b96f593622cea4f4ad1a5377fe9f1d', '2025-01-16 23:50:00', 1, 1),
(390, '88b7339a304f378c8375b589cd03716d', '2025-01-16 23:56:37', 1, 1),
(391, 'fd75017428704e35fced5dc859d484f8', '2025-01-17 00:03:11', 1, 1),
(392, '25b7e02017ac5d5006d23fde2d50e2b4', '2025-01-17 00:03:19', 1, 1),
(393, '4c2373689cc676236b70d86d361a57f6', '2025-01-17 00:03:30', 1, 1),
(394, 'a1a740fc46113b82536e45291745c3b6', '2025-01-17 00:03:43', 1, 1),
(395, 'a1614116e9b823ca7555e1c10c1d8c02', '2025-01-17 00:04:23', 1, 3),
(396, 'a8a9c5d918cb1c896ab15b62a343c98b', '2025-01-17 00:04:31', 1, 1),
(397, 'eb206a8f10360cbfafbee6d5b280511a', '2025-01-17 00:04:35', 1, 1),
(398, 'f45b905c599a12b0a67a14429810bee8', '2025-01-17 00:05:25', 1, 1),
(399, '403e3f1e9e42778806bb921e5486d1d9', '2025-01-17 00:05:32', 1, 1),
(400, 'af05f52f973742cd7c14e24fb07d3936', '2025-01-17 00:05:46', 1, 1),
(401, 'dcbedfe24ce00973a7913365b35d4e4f', '2025-01-17 00:06:45', 1, 1),
(402, '436e870dfc76dbedd64af44c0446d565', '2025-01-17 00:07:16', 1, 1),
(403, 'b48c9cb88377882bd5188eab0a3091ce', '2025-01-17 00:09:41', 1, 1),
(404, '9d25714646b3cacbae861e3996b7dcf7', '2025-01-17 00:09:45', 1, 1),
(405, '2f799ef52a2d4e957a0f8efa808800b1', '2025-01-17 00:10:02', 1, 3),
(406, 'b75efa135d47f475997c1b1507048869', '2025-01-17 00:10:07', 1, 1),
(407, '779dbbef52ac465193298483045fba27', '2025-01-17 00:13:55', 1, 1),
(408, 'a3dd3d848355fa9f917e8719929b883d', '2025-01-17 00:14:02', 1, 1),
(409, '7f79ea10c9de1abbf6c43f1b37343203', '2025-01-17 00:14:48', 1, 1),
(410, '2635af59eb073beb4fde9cb95e1298d6', '2025-01-17 00:16:04', 1, 1),
(411, 'ac09c4ea4605812742d88d0a2964bc77', '2025-01-17 00:16:33', 1, 1),
(412, '2168159eeb71c758fb0a5d256c02c029', '2025-01-17 00:19:49', 1, 1),
(413, 'f5a83d08c3a7f27665090187adb90dc2', '2025-01-17 00:20:05', 1, 1),
(414, '206b34b3e302d9604c617d8a293f4994', '2025-01-17 00:20:23', 1, 1),
(415, 'dd1534a8c02fd6a901f285c38c7e57fe', '2025-01-17 00:21:21', 1, 1),
(416, 'dfd70fd8b6b732b79d8aefb8cc23097e', '2025-01-17 00:22:32', 1, 1),
(417, 'c1ff91267c39f820fb6d9c9988f089ee', '2025-01-17 00:23:52', 1, 1),
(418, '39212270c70f7cf4ebad1a1e3a3c7333', '2025-01-17 00:24:12', 1, 1),
(419, '9b9eadfc30ae974d728829979e7de923', '2025-01-17 00:26:31', 1, 1),
(420, '052a442ced2e54eba2e490d244dc58c2', '2025-01-17 00:26:42', 1, 1),
(421, '5e28723cf44cdc95868d9d9392b16949', '2025-01-17 00:27:27', 1, 1),
(422, '0cf5e2892df11f207d11978b3df8374b', '2025-01-17 00:29:31', 1, 1),
(423, 'ae279147da6bcba00e4e8efaecd45cf6', '2025-01-17 00:35:01', 1, 1),
(424, '5a0d6bd0f21954cccdb6460bad261a5f', '2025-01-17 00:37:25', 1, 1),
(425, 'b1b210e34743bf042543a34351d0e2ee', '2025-01-17 00:39:46', 1, 1),
(426, '1671380d53e51acb99cbd67f824a2cda', '2025-01-17 00:40:16', 1, 1),
(427, '23a22f2817ae8ac565b1237a977325fe', '2025-01-17 00:45:37', 1, 1),
(428, '1065b2958a583534ec52522cadf59b19', '2025-01-17 08:28:28', 1, 1),
(429, '2747d125468eecd3a5f210e775c9ccf7', '2025-01-20 12:47:27', 1, 1),
(430, '579bd07362ee03f0d8f814df3b741826', '2025-01-20 13:37:22', 1, 1),
(431, '7363dad92d50c57bf1de4ac759ef9274', '2025-01-20 13:44:06', 1, 1),
(432, '4ebbfc758a063982959e2ea0f24a4e2e', '2025-01-20 15:53:24', 1, 1),
(433, '79f40b344d680f2a69911780f9be6fa3', '2025-01-20 22:55:17', 1, 1),
(434, '6540cc8ee62ad2e25183a50d4cee7fbb', '2025-01-20 22:55:23', 1, 3),
(435, 'a744d63107fcf794b321be645197e99e', '2025-01-20 23:05:23', 1, 1),
(436, '78afefac7d36aa28b62cb6e6e022609d', '2025-01-20 23:55:01', 1, 1),
(437, '92d085de2eaed5edd971f80919f06c81', '2025-01-21 00:00:23', 1, 1),
(438, '076d57246c2c70e476d164fff5f7a231', '2025-01-21 00:42:41', 1, 1),
(439, 'fe4e8120d64c7e9353ede6b9b2bbf569', '2025-01-21 01:29:57', 1, 1),
(440, 'b5384b9f3aa9c60083d3b9be52f6cf9d', '2025-01-21 01:44:19', 1, 23),
(441, 'd483c6da05bf31c86d7e8d14452c27f3', '2025-01-21 01:49:17', 1, 1),
(442, '8e4a5c0aa8e76aaf94a3b86278662c07', '2025-01-21 03:16:59', 1, 1),
(443, 'e38d09f8addb0693ae4cad55083f54ee', '2025-01-21 03:17:12', 1, 1),
(444, 'a3be07e8a17c8f487d22873b796613ca', '2025-01-21 03:17:30', 1, 1),
(445, 'd2dfd607f4555e47cde7048c30a782bb', '2025-01-21 03:29:57', 1, 1),
(446, 'a416c1eb74654438a00b654cfc0f2c1b', '2025-01-21 03:48:00', 1, 1),
(447, '88f5eddaafebb9c6ae61a8c0e15267c8', '2025-01-21 10:23:40', 1, 3),
(448, '537655d17658365421e434701528b5e7', '2025-01-21 10:25:29', 1, 3),
(449, '306fab8e078a34aa704c9a5cadcd0a07', '2025-01-21 10:27:12', 1, 3),
(450, '02e11616f8d2e5c3be07a51234659690', '2025-01-21 10:33:20', 1, 3),
(451, '222d28977e9a0da799d3211f0715a3cb', '2025-01-21 10:37:05', 1, 3),
(452, '40b3add7afc54aaa99613e5175135301', '2025-01-21 11:09:43', 1, 3),
(453, 'e34017938f40448017d1ed27b891a526', '2025-01-21 12:28:33', 1, 3),
(454, 'ace19b1c1816e5c8ea24b77a21bebd02', '2025-01-21 12:39:44', 1, 1),
(455, '8247abc7eb8089c9eef5bb5649b5a06c', '2025-01-21 12:39:49', 1, 3),
(456, '0638a73d3ec18dbf851d3c9b62518f33', '2025-01-21 13:51:37', 1, 1),
(457, 'cfeed1411f56af0223ca2c2354b579cc', '2025-01-21 14:33:26', 1, 3),
(458, '55963dba9c3b373080f2b92f2c7f708d', '2025-01-21 14:40:00', 1, 1),
(459, '4fc54bb7173190902ac7b71c666c9d0f', '2025-01-21 14:40:04', 1, 3),
(460, '5854dc310af74c8f4f852555921fa373', '2025-01-21 14:47:59', 1, 3),
(461, '5dace14f1c8dafec452b3aa35e93c05f', '2025-01-21 15:34:08', 1, 3),
(462, '7b6ecc33cbfe8b9079f4aef8a6b85411', '2025-01-21 15:35:09', 1, 3),
(463, '635490bd8171b39775bd1c96c8fcf8f7', '2025-01-21 16:51:53', 1, 3),
(464, 'eb4dafcf16fd485daac1bcc7c4bc4370', '2025-01-21 16:55:42', 1, 3),
(465, '5e54f793a5079dc2b3c259f5fa483a4b', '2025-01-21 17:45:39', 1, 3),
(466, 'f848cce955a7505611873f492acf9d30', '2025-01-21 17:46:42', 1, 3),
(467, '73a0b45fb2d4dda6360b959d6654fba7', '2025-01-21 17:48:04', 1, 1),
(468, '01bb57f51d9e81711d7c9fbdf3a52830', '2025-01-21 17:51:54', 1, 1),
(469, '0556fd4b9c3eb443c6190616ace32f5b', '2025-01-21 17:52:45', 1, 3),
(470, 'd9c3fc30a7a5485e7b224309bbc9c93a', '2025-01-21 17:57:43', 1, 3),
(471, '7f8a9d51dce1b97eab494b7d157d1806', '2025-01-21 18:11:10', 1, 1),
(472, '2e4419945991faecfe1f4779dc224f90', '2025-01-21 18:12:04', 1, 3),
(473, 'a53f1f616f54b9d4655aff0f71cd8862', '2025-01-21 22:43:19', 1, 3),
(474, '74afb0d6ccae8254ed3d75b899d23048', '2025-01-22 00:27:12', 1, 3),
(475, '7829c0e59c7738177274e7b1f068fcc2', '2025-01-22 01:34:53', 1, 3),
(476, 'bfc06e880cb8be53dc293ea00bd9bdf7', '2025-01-22 01:43:14', 1, 3),
(477, 'cd39e2d966a95ee414b6d5b6a613981f', '2025-01-22 05:06:14', 1, 3),
(478, '67e91c8b252003f899c81eef00e6c0b9', '2025-01-22 18:00:06', 1, 3),
(479, '74eab2a7735d691cddaa5f518c5ef13b', '2025-01-22 18:04:55', 1, 1),
(480, '641b8b56538fd46d6ec840370a96be9d', '2025-01-22 18:11:41', 1, 3),
(481, 'e972b9b741caae1b97a21d643b41823f', '2025-01-22 20:44:12', 1, 3),
(482, 'd395aee4d7741b7a1129b1e37c2c6f6f', '2025-01-22 21:20:45', 1, 3),
(483, 'ed0563f254d28184662595f8cc921121', '2025-01-22 22:30:13', 1, 3),
(484, '75b5109be25c2c74051fb89cce01846d', '2025-01-22 22:36:18', 1, 1),
(485, 'd769d438485f75419dbd8945280112a9', '2025-01-22 22:41:43', 1, 3),
(486, 'd671b88c1d4cc51621d782327396c260', '2025-01-22 23:05:01', 1, 3),
(487, 'ff5ca25a771a0aaeed61867f6fe0eb66', '2025-01-22 23:20:29', 1, 1),
(488, '922ce1a4bb551ef9d3a4ac21d82909fe', '2025-01-22 23:20:34', 1, 3),
(489, '350bad7f655accf3970076d1709f6161', '2025-01-23 04:24:02', 1, 3),
(490, 'ccbf6eb0858eeffe3e0e4c6e294f0984', '2025-01-23 05:10:59', 1, 1),
(491, '47bee748cba90143e66ebab726c1d0e2', '2025-01-23 05:13:13', 1, 3),
(492, '427e33fb61444da5238c1832f9ff008b', '2025-01-23 05:39:35', 1, 3),
(493, '1849da56bf60c8a3182b30ea5f1b5bb6', '2025-01-23 05:42:56', 1, 3),
(494, 'dde24ade1fdf61df14afa6a9253af4a6', '2025-01-23 05:44:55', 1, 2),
(495, '3d88bcaa1237733adffc945c996e212b', '2025-01-23 05:45:16', 1, 3),
(496, 'fbb4710d02dcae8e501fdbb3f7a0d4cf', '2025-01-23 05:45:26', 1, 2),
(497, '1a3dfecb98e6e7fcb3bc08b4b47a715b', '2025-01-23 05:47:35', 1, 1),
(498, '534ced8b125dd27fb755fecd2c622dae', '2025-01-23 05:47:44', 1, 2),
(499, 'f6628d6f27957636837bb7bcaa658ba2', '2025-01-23 05:50:45', 1, 3),
(500, '32b36b28466a2a246cc4e7f0e4691d01', '2025-01-23 05:51:33', 1, 3),
(501, 'd2ea8d8ae8b10bda5cf27ca0fd238f0e', '2025-01-23 06:07:20', 1, 2),
(502, '121e31148a520004bfe6a807807d5024', '2025-01-23 06:10:56', 1, 1),
(503, '9820a248de9e66c10ac92b59cb8fa567', '2025-01-23 06:11:52', 1, 2),
(504, '190ae747d9e02a373d7d71df097c6d98', '2025-01-23 06:13:06', 1, 1),
(505, '81d4cebb67821c588e8e252eae867b09', '2025-01-23 06:15:08', 1, 2),
(506, 'db4ca3755514c903347a41ab8d1d8f57', '2025-01-23 06:28:41', 1, 3),
(507, '67d392ea339e8a27c4927995c7c32a7c', '2025-01-23 06:28:52', 1, 1),
(508, 'be00fcbf3fba199006f0644f79de7c81', '2025-01-23 08:11:54', 1, 1),
(509, 'cf0aa77638fce67e3f67daa2c1ccccf0', '2025-01-23 09:10:31', 1, 3),
(510, '49c068d9c1a602b1bd1fb230a5162be1', '2025-01-23 09:12:56', 1, 1),
(511, '1547d5aad656dc3cd4aaa1b252227402', '2025-01-23 09:15:09', 1, 2),
(512, 'a3ee54d746b5f3206df2c8393fd09764', '2025-01-23 09:16:23', 1, 1);

-- --------------------------------------------------------

--
-- Estructura de tabla para la tabla `usuarios`
--

CREATE TABLE `usuarios` (
  `idusuario` int(11) NOT NULL,
  `nombres` varchar(40) DEFAULT NULL,
  `apellidos` varchar(40) DEFAULT NULL,
  `puesto` enum('Encargado','Personal') DEFAULT NULL,
  `usuario` varchar(60) DEFAULT NULL,
  `contrasena` varchar(60) DEFAULT NULL
) ENGINE=InnoDB DEFAULT CHARSET=latin1;

--
-- Volcado de datos para la tabla `usuarios`
--

INSERT INTO `usuarios` (`idusuario`, `nombres`, `apellidos`, `puesto`, `usuario`, `contrasena`) VALUES
(1, 'pepe', 'chavez', 'Encargado', 'pepe1', '6a336772f9af64a44a0559dd7f9dfc0551542c47'),
(2, 'dos', 'dosdos', 'Personal', 'dos', '6a336772f9af64a44a0559dd7f9dfc0551542c47'),
(3, 'Pepe2', 'pepa2', 'Personal', 'pepe2', '6a336772f9af64a44a0559dd7f9dfc0551542c47'),
(4, 'pepe3', 'pepa3', 'Encargado', 'pepe3', '6a336772f9af64a44a0559dd7f9dfc0551542c47'),
(9, 'pDasd', 'asd', 'Personal', 'pepe5', '6a336772f9af64a44a0559dd7f9dfc0551542c47'),
(10, 'dsf', 'sdf', 'Encargado', 'pepe6', '6a336772f9af64a44a0559dd7f9dfc0551542c47'),
(11, 'dsf', 'sdf', 'Encargado', 'pepe7', '6a336772f9af64a44a0559dd7f9dfc0551542c47'),
(12, 'dsf', 'sdf', 'Encargado', 'pepe8', '6a336772f9af64a44a0559dd7f9dfc0551542c47'),
(13, 'dsf', 'sdf', 'Encargado', 'pepe9', '6a336772f9af64a44a0559dd7f9dfc0551542c47'),
(14, 'dsf', 'sdf', 'Encargado', 'pepe10', '1234'),
(15, 'dsf', 'sdf', 'Encargado', 'pepe11', '6a336772f9af64a44a0559dd7f9dfc0551542c47'),
(22, 'pepe', 'pepeee', 'Personal', 'pepe333', '6a336772f9af64a44a0559dd7f9dfc0551542c47'),
(23, 'asdasd', 'asdasd', 'Encargado', 'pepe441', '9f506c6d5c273c7f190b8b384ddc7c9fca5ffc31');

--
-- Índices para tablas volcadas
--

--
-- Indices de la tabla `egresos`
--
ALTER TABLE `egresos`
  ADD PRIMARY KEY (`idegreso`),
  ADD KEY `idusuario` (`idusuario`);

--
-- Indices de la tabla `estudiantes`
--
ALTER TABLE `estudiantes`
  ADD PRIMARY KEY (`idestudiantes`),
  ADD UNIQUE KEY `cedula` (`cedula`),
  ADD KEY `idpadres` (`idpadres`);

--
-- Indices de la tabla `lectivo`
--
ALTER TABLE `lectivo`
  ADD PRIMARY KEY (`idlectivo`);

--
-- Indices de la tabla `matricula`
--
ALTER TABLE `matricula`
  ADD PRIMARY KEY (`idmatricula`),
  ADD KEY `idestudiantes` (`idestudiantes`),
  ADD KEY `idparalelo` (`idparalelo`);

--
-- Indices de la tabla `padres`
--
ALTER TABLE `padres`
  ADD PRIMARY KEY (`idpadres`),
  ADD UNIQUE KEY `cedula` (`cedula`);

--
-- Indices de la tabla `pagos`
--
ALTER TABLE `pagos`
  ADD PRIMARY KEY (`idpagos`),
  ADD KEY `idmatricula` (`idmatricula`),
  ADD KEY `idusuario` (`idusuario`);

--
-- Indices de la tabla `paralelo`
--
ALTER TABLE `paralelo`
  ADD PRIMARY KEY (`idparalelo`),
  ADD KEY `idlectivo` (`idlectivo`);

--
-- Indices de la tabla `token`
--
ALTER TABLE `token`
  ADD PRIMARY KEY (`idtoken`) USING BTREE,
  ADD KEY `fk_usuario` (`fk_usuario`);

--
-- Indices de la tabla `usuarios`
--
ALTER TABLE `usuarios`
  ADD PRIMARY KEY (`idusuario`),
  ADD UNIQUE KEY `usuario` (`usuario`);

--
-- AUTO_INCREMENT de las tablas volcadas
--

--
-- AUTO_INCREMENT de la tabla `egresos`
--
ALTER TABLE `egresos`
  MODIFY `idegreso` int(11) NOT NULL AUTO_INCREMENT, AUTO_INCREMENT=25;

--
-- AUTO_INCREMENT de la tabla `estudiantes`
--
ALTER TABLE `estudiantes`
  MODIFY `idestudiantes` int(11) NOT NULL AUTO_INCREMENT, AUTO_INCREMENT=14;

--
-- AUTO_INCREMENT de la tabla `lectivo`
--
ALTER TABLE `lectivo`
  MODIFY `idlectivo` int(11) NOT NULL AUTO_INCREMENT, AUTO_INCREMENT=5;

--
-- AUTO_INCREMENT de la tabla `matricula`
--
ALTER TABLE `matricula`
  MODIFY `idmatricula` int(11) NOT NULL AUTO_INCREMENT, AUTO_INCREMENT=6;

--
-- AUTO_INCREMENT de la tabla `padres`
--
ALTER TABLE `padres`
  MODIFY `idpadres` int(11) NOT NULL AUTO_INCREMENT, AUTO_INCREMENT=8;

--
-- AUTO_INCREMENT de la tabla `pagos`
--
ALTER TABLE `pagos`
  MODIFY `idpagos` int(11) NOT NULL AUTO_INCREMENT, AUTO_INCREMENT=19;

--
-- AUTO_INCREMENT de la tabla `paralelo`
--
ALTER TABLE `paralelo`
  MODIFY `idparalelo` int(11) NOT NULL AUTO_INCREMENT, AUTO_INCREMENT=6;

--
-- AUTO_INCREMENT de la tabla `token`
--
ALTER TABLE `token`
  MODIFY `idtoken` int(11) NOT NULL AUTO_INCREMENT, AUTO_INCREMENT=513;

--
-- AUTO_INCREMENT de la tabla `usuarios`
--
ALTER TABLE `usuarios`
  MODIFY `idusuario` int(11) NOT NULL AUTO_INCREMENT, AUTO_INCREMENT=24;

--
-- Restricciones para tablas volcadas
--

--
-- Filtros para la tabla `egresos`
--
ALTER TABLE `egresos`
  ADD CONSTRAINT `egresos_ibfk_1` FOREIGN KEY (`idusuario`) REFERENCES `usuarios` (`idusuario`);

--
-- Filtros para la tabla `estudiantes`
--
ALTER TABLE `estudiantes`
  ADD CONSTRAINT `estudiantes_ibfk_1` FOREIGN KEY (`idpadres`) REFERENCES `padres` (`idpadres`);

--
-- Filtros para la tabla `matricula`
--
ALTER TABLE `matricula`
  ADD CONSTRAINT `matricula_ibfk_1` FOREIGN KEY (`idestudiantes`) REFERENCES `estudiantes` (`idestudiantes`),
  ADD CONSTRAINT `matricula_ibfk_2` FOREIGN KEY (`idparalelo`) REFERENCES `paralelo` (`idparalelo`);

--
-- Filtros para la tabla `pagos`
--
ALTER TABLE `pagos`
  ADD CONSTRAINT `pagos_ibfk_1` FOREIGN KEY (`idmatricula`) REFERENCES `matricula` (`idmatricula`),
  ADD CONSTRAINT `pagos_ibfk_2` FOREIGN KEY (`idusuario`) REFERENCES `usuarios` (`idusuario`);

--
-- Filtros para la tabla `paralelo`
--
ALTER TABLE `paralelo`
  ADD CONSTRAINT `paralelo_ibfk_1` FOREIGN KEY (`idlectivo`) REFERENCES `lectivo` (`idlectivo`);

--
-- Filtros para la tabla `token`
--
ALTER TABLE `token`
  ADD CONSTRAINT `token_ibfk_1` FOREIGN KEY (`fk_usuario`) REFERENCES `usuarios` (`idusuario`);
COMMIT;

/*!40101 SET CHARACTER_SET_CLIENT=@OLD_CHARACTER_SET_CLIENT */;
/*!40101 SET CHARACTER_SET_RESULTS=@OLD_CHARACTER_SET_RESULTS */;
/*!40101 SET COLLATION_CONNECTION=@OLD_COLLATION_CONNECTION */;
